station_id,station_name_th,station_name_en,area_th,latitude,longitude,reading_date,reading_time,pm25_ugm3,pm25_aqi,pm10_ugm3,aqi,is_chiang_mai,is_northern,retrieved_at
119t,สวนสาธารณะธารา,Thara Public Park,"ต.ปากน้ำ อ.เมือง, กระบี่",8.0506237,98.9180489,2026-09-05,02:00,6.1,10.0,,10,False,False,2026-09-05T02:38:09
02t,มหาวิทยาลัยราชภัฏบ้านสมเด็จเจ้าพระยา,Bansomdejchaopraya Rajabhat University,"แขวงหิรัญรูจี เขตธนบุรี, กรุงเทพฯ",13.732846,100.487662,2026-09-05,02:00,15.1,26.0,,26,False,False,2026-09-05T02:38:09
03t,ริมถนนทางหลวงหมายเลข 3902 ,Highway NO.3902 km.13 +600,"ริมถนนกาญจนาภิเษก เขตบางขุนเทียน, กรุงเทพฯ",13.636514,100.414262,2026-09-04,17:00,18.1,33.0,,33,False,False,2026-09-05T02:38:09
05t,กรมอุตุนิยมวิทยาบางนา,Thai Meteorological Department ,"แขวงบางนา เขตบางนา, กรุงเทพฯ",13.666183,100.605742,2026-09-04,17:00,15.2,26.0,,26,False,False,2026-09-05T02:38:09
12t,โรงเรียนนนทรีวิทยา ,Nonsi Witthaya School,"แขวงช่องนนทรี เขตยานนาวา, กรุงเทพฯ",13.70806667,100.5473333,2026-09-04,17:00,15.1,26.0,,26,False,False,2026-09-05T02:38:09
50t,โรงพยาบาลจุฬาลงกรณ์,Chulalongkorn Hospital,"ริมถนนพระราม 4 เขตปทุมวัน, กรุงเทพฯ",13.729852,100.536501,2026-09-05,02:00,18.6,34.0,,34,False,False,2026-09-05T02:38:09
52t,การไฟฟ้าย่อยธนบุรี ,Thonburi Power Sub-Station,"ริมถนนอินทรพิทักษ์ เขตธนบุรี, กรุงเทพฯ",13.727622,100.486568,2026-09-05,02:00,17.1,31.0,,31,False,False,2026-09-05T02:38:09
53t,สถานีตำรวจนครบาลโชคชัย ,Chokchai Police Station,"ริมถนนลาดพร้าว เขตวังทองหลาง, กรุงเทพฯ",13.7954248,100.5930298,2026-09-05,02:00,16.5,29.0,,29,False,False,2026-09-05T02:38:09
54t,การเคหะชุมชนดินแดง ,National Housing Authority Dindaeng,"ริมถนนดินแดง เขตดินแดง, กรุงเทพฯ",13.76251667,100.5502,2026-09-04,17:00,18.2,34.0,,34,False,False,2026-09-05T02:38:09
59t,กรมประชาสัมพันธ์,The Government Public Relations Department ,"แขวงพญาไท เขตพญาไท, กรุงเทพฯ",13.783185,100.540489,2026-09-05,02:00,13.5,23.0,28.0,23,False,False,2026-09-05T02:38:09
61t,โรงเรียนบดินทรเดชา (สิงห์ สิงหเสนี) ,Bodindecha Sing Singhaseni School,"แขวงพลับพลา เขตวังทองหลาง, กรุงเทพฯ",13.769634,100.614567,2026-09-05,02:00,15.8,28.0,,28,False,False,2026-09-05T02:38:09
bkp100t,สำนักงานเขตบึงกุ่ม,"Bueng Kum District Office, Bangkok",แขวงคลองกุ่ม เขตบึงกุ่ม,13.785212,100.669183,2026-09-05,02:00,10.6,18.0,,18,False,False,2026-09-05T02:38:09
bkp101t,สำนักงานเขตคลองสามวา,"Khlong Sam Wa District Office, Bangkok","เขตคลองสามวา, กรุงเทพฯ",13.859911,100.704002,2026-09-05,02:00,14.8,25.0,29.0,25,False,False,2026-09-05T02:38:09
bkp102t,สำนักงานเขตจอมทอง,"Chomthong District Office, Bangkok","เขตจอมทอง, กรุงเทพฯ",13.677757,100.483861,2026-09-05,02:00,12.8,21.0,56.0,30,False,False,2026-09-05T02:38:09
bkp103t,สำนักงานเขตบางพลัด,"Bang Phlat District Office, Bangkok","ริมถนนจรัญสนิทวงศ์ เขตบางพลัด, กรุงเทพฯ",13.793965,100.504956,2026-09-05,02:00,16.3,29.0,,29,False,False,2026-09-05T02:38:09
bkp104t,สำนักงานเขตบางแค,"Bang Khae District Office, Bangkok","เขตบางแค, กรุงเทพฯ",13.696314,100.409049,2026-09-05,02:00,13.3,22.0,35.0,22,False,False,2026-09-05T02:38:09
bkp105t,สำนักงานเขตบางขุนเทียน,"Bang Khun Thian District Office, Bangkok","ริมถนนพระราม 2 เขตบางขุนเทียน, กรุงเทพฯ",13.659908,100.435902,2026-09-05,02:00,20.5,39.0,,39,False,False,2026-09-05T02:38:09
bkp114t,สวนลุมพินี ถนนพระราม 4 แขวงวังใหม่ เขตปทุมวัน,Lumpini park,สวนลุมพินี เขตปทุมวัน,13.732225,100.5448381,2026-09-05,02:00,10.9,18.0,,18,False,False,2026-09-05T02:38:09
bkp115t,สวนวชิรเบญจทัศ ถนนกำแพงเพชร 3 แขวงลาดยาว เขตจตุจักร,Wacchirabenchatat Park,สวนวชิรเบญจทัศ เขตจตุจักร,13.8118516,100.5535825,2026-09-05,02:00,10.8,18.0,,18,False,False,2026-09-05T02:38:09
bkp116t,สวนจตุจักร ถนนพหลโยธิน แขวงจตุจักร เขตจตุจักร,Chatuchak Park,สวนจตุจักร เขตจตุจักร,13.802546,100.5509191,2026-09-05,02:00,11.6,19.0,,19,False,False,2026-09-05T02:38:09
bkp117t,สวนหลวง ร.9 ถนนเฉลิมพระเกียรติ ร.9 แขวงหนองบอน เขตประเวศ,Suan Luang Rama IX,สวนหลวง ร.9 เขตประเวศ,13.6881393,100.6579657,2026-09-05,02:00,10.6,18.0,,18,False,False,2026-09-05T02:38:09
bkp118t,สวน 60 พรรษาสมเด็จพระนางเจ้าพระบรมราชินีนาถ ถนนเคหะร่มเกล้า เขตลาดกระบัง,"60th Anniversary of Queen Sirikit Park ,Kheha Romklao Road, Lat Krabang, Bangkok",สวน 60 พรรษาสมเด็จพระนางเจ้าพระบรมราชินีนาถ เขตลาดกระบัง,13.7631141,100.7302101,2026-09-05,02:00,15.8,28.0,,28,False,False,2026-09-05T02:38:09
bkp119t,อุทยานเบญจสิริ,Benchasiri Park,อุทยานเบญจสิริ เขตคลองเตย,13.7304916,100.5684634,2026-09-05,02:00,14.0,23.0,,23,False,False,2026-09-05T02:38:09
bkp120t,สวนรมณีย์ทุ่งสีกัน,Rommani Thungsikan Park,สวนรมณีย์ทุ่งสีกัน เขตดอนเมือง,13.9288678,100.5684666,2026-09-05,02:00,13.9,23.0,,23,False,False,2026-09-05T02:38:09
bkp121t,สวนธนบุรีรมย์,Thonburirom Park,สวนธนบุรีรมย์ เขตทุ่งครุ,13.6502295,100.4909771,2026-09-05,02:00,11.6,19.0,,19,False,False,2026-09-05T02:38:09
bkp122t,สวนเบญจกิติ,Benjakitti Park,สวนเบญจกิติ เขตคลองเตย,13.7328791,100.5600172,2026-09-05,02:00,11.8,20.0,,20,False,False,2026-09-05T02:38:09
bkp123t,สวนสมเด็จพระนางเจ้าสิริกิติ์ฯ,Queen Sirikit Park,สวนสมเด็จพระนางเจ้าสิริกิติ์ฯ เขตจตุจักร,13.8055472,100.5488338,2026-09-05,02:00,11.5,19.0,,19,False,False,2026-09-05T02:38:09
bkp124t,สวนเฉลิมพระเกียรติ 80 พรรษา,80th Anniversary Commemoration Park,สวนเฉลิมพระเกียรติ 80 พรรษา เขตบางกอกน้อย,13.7716446,100.4681128,2026-09-05,02:00,17.5,32.0,,32,False,False,2026-09-05T02:38:09
bkp125t,สวนเสรีไทย,Serithai Park,สวนเสรีไทย เขตบึงกุ่ม,13.7855673,100.6733359,2026-09-05,02:00,16.6,30.0,,30,False,False,2026-09-05T02:38:09
bkp126t,สวนบางแคภิรมย์,Bang Khae Phirom Park,สวนบางแคภิรมย์ เขตบางแค,13.6863478,100.3844036,2026-09-05,02:00,14.6,24.0,,24,False,False,2026-09-05T02:38:09
bkp127t,สวนทวีวนารมย์,Thawee Wanarom Park,สวนทวีวนารมย์ เขตทวีวัฒนา,13.7435329,100.3526893,2026-09-05,02:00,21.7,42.0,,42,False,False,2026-09-05T02:38:09
bkp128t,สวนพระนคร,Phra Nakhon Park,สวนพระนคร เขตลาดกระบัง,13.7201042,100.7807077,2026-09-05,02:00,12.7,21.0,,21,False,False,2026-09-05T02:38:09
bkp129t,สวนหนองจอก,Nong Chok Park,สวนหนองจอก เขตหนองจอก,13.855656,100.8585539,2026-09-05,02:00,12.3,21.0,,21,False,False,2026-09-05T02:38:09
bkp130t,สวนกีฬารามอินทรา,Ramintra Sports Park,สวนกีฬารามอินทรา เขตบางเขน,13.8778763,100.6207085,2026-09-05,02:00,10.1,17.0,,17,False,False,2026-09-05T02:38:09
bkp131t,สวนสาธารณะเฉลิมพระเกียรติ 6 รอบพระชนมพรรษา,Public Park to commemorate the sixth anniversary of His Majesty the King,สวนสาธารณะเฉลิมพระเกียรติ 6 รอบพระชนมพรรษา เขตบางคอแหลม,13.685524189587932,100.51830028147444,2026-09-05,02:00,12.9,22.0,,22,False,False,2026-09-05T02:38:09
bkp133t,สวนหลวงพระราม 8,Rama VIII Park,สวนหลวงพระราม 8 เขตบางพลัด,13.7693437,100.4945337,2026-09-05,02:00,12.9,22.0,,22,False,False,2026-09-05T02:38:09
bkp56t,สำนักงานเขตดินแดง กรุงเทพฯ,"Din Dang, Bangkok","ริมถนนวิภาวดีรังสิต, เขตดินแดง, กรุงเทพฯ",13.7619223,100.558606,2026-09-05,02:00,16.0,28.0,59.0,33,False,False,2026-09-05T02:38:09
bkp57t,สำนักงานเขตพระโขนง กรุงเทพฯ,"Phra Kanong District Office,  Bangkok","ริมถนนสุขุมวิท เขตพระโขนง, กรุงเทพฯ",13.691511,100.61457,2026-09-05,02:00,16.1,28.0,50.0,28,False,False,2026-09-05T02:38:09
bkp58t,สำนักงานเขตราษฎร์บูรณะ กรุงเทพฯ,"Rat Burana District Office,  Bangkok","ริมถนนราษฎร์บูรณะ, เขตราษฎร์บูรณะ, กรุงเทพฯ",13.6821364,100.5060513,2026-09-05,02:00,21.9,42.0,66.0,42,False,False,2026-09-05T02:38:09
bkp59t,สำนักงานเขตราชเทวี กรุงเทพฯ,"Ratchathewi District Office, Bangkok","ริมถนนพญาไท เขตราชเทวี, กรุงเทพฯ",13.7590851,100.5345788,2026-09-05,02:00,19.2,36.0,49.0,36,False,False,2026-09-05T02:38:09
bkp60t,ริมสวนหย่อมตรงข้ามสำนักงานเขตดุสิต,"Dusit District Office, Bangkok","ริมถนนพระราม 5 เขตดุสิต, กรุงเทพฯ",13.776664,100.520982,2026-09-05,02:00,11.2,19.0,43.0,22,False,False,2026-09-05T02:38:09
bkp61t,สำนักงานคณะกรรมการพัฒนาเศรษฐกิจและสังคมแห่งชาติ,National Economic and Social Development Council Office,"ริมถนนกรุงเกษม เขตป้อมปราบศัตรูพ่าย, กรุงเทพฯ",13.756281,100.514267,2026-09-05,02:00,12.5,21.0,30.0,21,False,False,2026-09-05T02:38:09
bkp62t,วงเวียนโอเดียน,Odeon Circus,"ริมถนนตรีมิตร วงเวียนโอเดียน์ เขตสัมพันธวงศ์, กรุงเทพฯ",13.737136,100.512734,2026-09-05,02:00,22.4,44.0,,44,False,False,2026-09-05T02:38:09
bkp63t,แฟลตทหารบก สามเสน,Army Apartment Sam Sen,"ริมถนนพระราม 6 เขตพญาไท, กรุงเทพฯ",13.783554,100.5344645,2026-09-05,02:00,16.3,29.0,,29,False,False,2026-09-05T02:38:09
bkp64t,สำนักงานเขตวังทองหลาง,"Wang Thonglang District Office, Bangkok","ริมถนนลาดพร้าว ซอยลาดพร้าว 95 เขตวังทองหลาง, กรุงเทพฯ",13.778981,100.622294,2026-09-05,02:00,21.9,42.0,,42,False,False,2026-09-05T02:38:09
bkp65t,สามย่านมิตรทาวน์,Samyan Mitrtown,"ริมถนนพระรามที่ 4 หน้าสามย่านมิตรทาวน์ เขตปทุมวัน, กรุงเทพฯ",13.733136,100.52829,2026-09-05,02:00,19.9,38.0,,38,False,False,2026-09-05T02:38:09
bkp66t,ลานบางรักเลิฟลี่ พลาซ่า,Bangrak Lovely Plaza,"ริมถนนนราธิวาส เขตบางรัก, กรุงเทพฯ",13.726136,100.528055,2026-09-05,02:00,20.6,39.0,,39,False,False,2026-09-05T02:38:09
bkp67t,สำนักงานเขตสาทร,"Sathon District Office, Bangkok","แขวงทุ่งวัดดอน เขตสาทร, กรุงเทพฯ",13.707763,100.526787,2026-09-05,02:00,21.4,41.0,,41,False,False,2026-09-05T02:38:09
bkp69t,ธนาคารกรุงศรีอยุธยา สำนักงานใหญ่,"Bank of Ayuthaya Head Office Yan Nawa, Bangkok","ริมถนนพระราม 3 เขตยานนาวา, กรุงเทพฯ",13.679226,100.54687,2026-09-05,02:00,16.4,29.0,,29,False,False,2026-09-05T02:38:09
bkp70t,ริมถนนซอยสุขุมวิท 63,"Soi Sukhumwit 63 Roadside Wattana, Bangkok","ริมถนนซอยสุขุมวิท 63 เขตวัฒนา, กรุงเทพฯ",13.722096,100.584559,2026-09-05,02:00,11.6,19.0,41.0,21,False,False,2026-09-05T02:38:09
bkp71t,สำนักงานเขตสวนหลวง,"Suan Luang District Office, Bangkok","ริมถนนพัฒนาการ เขตสวนหลวง, กรุงเทพฯ",13.731051,100.651705,2026-09-05,02:00,12.0,20.0,38.0,20,False,False,2026-09-05T02:38:09
bkp72t,บิ๊กซี ซุปเปอร์เซ็นเตอร์ บางนา,Big C Supercenter Bang Na,"ริมถนนบางนา-ตราด เขตบางนา, กรุงเทพฯ",13.667987,100.635313,2026-09-05,02:00,25.4,52.0,59.0,52,False,False,2026-09-05T02:38:09
bkp73t,มหาวิทยาลัยเกษตรศาสตร์,Kasertsart University,"ริมถนนพหลโยธิน แยก ม.เกษตรศาสตร์ เขตจตุจักร, กรุงเทพฯ",13.839923,100.575632,2026-09-05,02:00,13.1,22.0,,22,False,False,2026-09-05T02:38:09
bkp74t,สำนักงานเขตดอนเมือง,"Don Mueng District Office, Bangkok","เขตดอนเมือง, กรุงเทพฯ",13.910986,100.594877,2026-09-05,02:00,10.7,18.0,29.0,18,False,False,2026-09-05T02:38:09
bkp75t,สำนักงานเขตสายไหม,"Sai Mai District Office, Bangkok","ริมถนนสุขาภิบาล5 เขตสายไหม, กรุงเทพฯ",13.896035,100.660628,2026-09-05,02:00,14.5,24.0,39.0,24,False,False,2026-09-05T02:38:09
bkp76t,สำนักงานเขตบางกะปิ,"Bang Kapi District Office, Bangkok","ริมถนนนวมินทร์ แยกบางกะปิ เขตบางกะปิ, กรุงเทพฯ",13.766478,100.647785,2026-09-05,02:00,11.6,19.0,,19,False,False,2026-09-05T02:38:09
bkp77t,แยกสวนสยาม-รามอินทรา,Suan Sayam-Ram Intra Intersection,"แยกสวนสยาม-รามอินทรา เขตคันนายาว, กรุงเทพฯ",13.813844,100.686594,2026-09-05,02:00,12.0,20.0,34.0,20,False,False,2026-09-05T02:38:09
bkp78t,โรงพยาบาลลาดกระบัง,Lat Krabang Hospital,"ริมถนนลาดกระบัง เขตลาดกระบัง, กรุงเทพฯ",13.72205,100.784069,2026-09-05,02:00,25.8,54.0,,54,False,False,2026-09-05T02:38:09
bkp79t,สวนเฉลิมพระเกียรติ ร.9,"Chaloem Phrakiat Rama 9 Park Min buri, Bangkok","ริมถนนสีหบุรานุกิจ เขตมีนบุรี, กรุงเทพฯ",13.813578,100.73208,2026-09-05,02:00,17.6,32.0,42.0,32,False,False,2026-09-05T02:38:09
bkp80t,สำนักงานเขตหนองจอก,"Nong Chok District Office, Bangkok","ริมถนนเลียบวารี เขตหนองจอก, กรุงเทพฯ",13.855362,100.86267,2026-09-05,02:00,17.2,31.0,76.0,47,False,False,2026-09-05T02:38:09
bkp81t,ซีคอน สแควร์,Seacon Square,"ริมถนนศรีนครินทร์ เขตประเวศ, กรุงเทพฯ",13.695561,100.647615,2026-09-05,02:00,20.8,40.0,70.0,42,False,False,2026-09-05T02:38:09
bkp82t,แยกมไหศวรรย์,Mahaisawan Intersection,"ริมถนนรัชดาภิเษก-ท่าพระ เขตธนบุรี, กรุงเทพฯ",13.70515,100.48465,2026-09-05,02:00,16.0,28.0,,28,False,False,2026-09-05T02:38:09
bkp83t,ห้องสมุดใต้สะพานสมเด็จพระเจ้าตากสิน,Library under King Taksin Bridge,"ริมถนนเจริญนคร เขตคลองสาน, กรุงเทพฯ",13.719705,100.508782,2026-09-05,02:00,13.0,22.0,,22,False,False,2026-09-05T02:38:09
bkp84t,สี่แยกท่าพระ,Tha phra Intersection,"ริมถนนแยกท่าพระ เขตบางกอกใหญ่, กรุงเทพฯ",13.729431,100.474373,2026-09-05,02:00,19.3,36.0,50.0,36,False,False,2026-09-05T02:38:09
bkp85t,สถานีตำรวจรถไฟบางกอกน้อย,Bangkok Noi Train Police Station,"ริมถนนซอยนิคมบ้านพักรถไฟธนบุรี 5 เขตบางกอกน้อย, กรุงเทพฯ",13.759619,100.481137,2026-09-05,02:00,17.1,31.0,,31,False,False,2026-09-05T02:38:09
bkp86t,ถนนพุทธมณฑลสาย 1 ตัดกับถนนบรมราชชนนี,Phutthamonthon 1 - Borommaratchachonnani Intersection,"ริมถนนพุทธมณฑล 1 เขตตลิ่งชัน, กรุงเทพฯ",13.780778,100.426727,2026-09-05,02:00,15.7,27.0,35.0,27,False,False,2026-09-05T02:38:09
bkp87t,ตลาดธนบุรีสนามหลวง 2,Thon Buri Market Sanam Luang 2,"ริมถนนคลองทวีวัฒนา เขตทวีวัฒนา, กรุงเทพฯ",13.746257,100.355099,2026-09-05,02:00,12.4,21.0,31.0,21,False,False,2026-09-05T02:38:09
bkp88t,มหาวิทยาลัยสยาม,Siam University,"ริมถนนเพชรเกษม เขตภาษีเจริญ, กรุงเทพฯ",13.718689,100.45391,2026-09-05,02:00,21.1,41.0,,41,False,False,2026-09-05T02:38:09
bkp89t,"ริมถนนมาเจริญ เพชรเกษม 8, เขตหนองแขม","Ma Charean Roadside, Petcha Kasem 8, Nong Khaem","ริมถนนมาเจริญ เพชรเกษม 81 เขตหนองแขม, กรุงเทพฯ",13.705582,100.343164,2026-09-05,02:00,23.9,47.0,64.0,47,False,False,2026-09-05T02:38:09
bkp90t,ตลาดบางบอน 5,Bang Bon 5 Market,"ริมถนนเอกชัย เขตบางบอน, กรุงเทพฯ",13.639165,100.372958,2026-09-05,02:00,17.3,31.0,55.0,31,False,False,2026-09-05T02:38:09
bkp91t,มหาวิทยาลัยเทคโนโลยีพระจอมเกล้าธนบุรี,King Mongkut's University of Technology Thonburi ,"ริมถนนประชาอุทิศ เขตทุ่งครุ, กรุงเทพฯ",13.651004,100.496673,2026-09-05,02:00,12.1,20.0,43.0,22,False,False,2026-09-05T02:38:09
bkp92t,สำนักงานเขตพระนคร,"Phra Nakhon District Office, Bangkok","ริมถนนสามเสน เขตพระนคร, กรุงเทพฯ",13.76415,100.499077,2026-09-05,02:00,19.1,36.0,,36,False,False,2026-09-05T02:38:09
bkp93t,สำนักงานเขตห้วยขวาง,"Huai Khwang District Office, Bangkok","เขตห้วยขวาง, กรุงเทพฯ",13.77682,100.579543,2026-09-05,02:00,10.5,18.0,35.0,18,False,False,2026-09-05T02:38:09
bkp94t,สำนักงานเขตคลองเตย,"Khlong Toei District Office, Bangkok","แขวงคลองเตย เขตคลองเตย, กรุงเทพฯ",13.708488,100.583747,2026-09-05,02:00,18.4,34.0,,34,False,False,2026-09-05T02:38:09
bkp95t,สำนักงานเขตบางซื่อ,"Bang Sue District Office, Bangkok","แขวงบางซื่อ เขตบางซื่อ, กรุงเทพฯ",13.809596,100.537883,2026-09-05,02:00,16.8,30.0,,30,False,False,2026-09-05T02:38:09
bkp96t,สำนักงานเขตลาดพร้าว,"Ladphrao District Office, Bangkok","เขตลาดพร้าว, กรุงเทพฯ",13.803587,100.607535,2026-09-05,02:00,15.1,26.0,44.0,26,False,False,2026-09-05T02:38:09
bkp97t,สำนักงานเขตหลักสี่,"Lak Si District Office, Bangkok","แขวงทุ่งสองห้อง เขตหลักสี่, กรุงเทพฯ",13.887395,100.579247,2026-09-05,02:00,16.9,30.0,,30,False,False,2026-09-05T02:38:09
bkp98t,สำนักงานเขตบางเขน,"Bang Khen District Office, Bangkok","ริมถนนพหลโยธิน เขตบางเขน, กรุงเทพฯ",13.873603,100.595839,2026-09-05,02:00,23.7,47.0,,47,False,False,2026-09-05T02:38:09
bkp99t,สำนักงานเขตสะพานสูง,"Saphan Sung District Office, Bangkok","เขตสะพานสูง, กรุงเทพฯ",13.768892,100.685743,2026-09-05,02:00,12.6,21.0,27.0,21,False,False,2026-09-05T02:38:09
o10,เคหะชุมชนคลองจั่น,National Housing Authority Klongchan,"แขวงคลองจั่น, เขตบางกะปิ,กรุงเทพฯ",13.779873,100.646009,2026-09-05,02:00,14.1,24.0,,24,False,False,2026-09-05T02:38:09
79t,สถานีอุตุนิยมวิทยา จ.กาญจนบุรี,Kanchanaburi Meteorological Station,"ต.บ้านเหนือ อ.เมือง, กาญจนบุรี",14.022376,99.536195,2026-09-05,01:00,21.0,40.0,,40,False,False,2026-09-05T02:38:09
107t,สวนสาธารณะแก่งดอนกลาง,KAENG DON KLANG PARK,"ต.กาฬสินธุ์ อ.เมือง, กาฬสินธ์ุ",16.4436,103.513,2026-09-05,02:00,11.7,20.0,,20,False,False,2026-09-05T02:38:09
94t,ลานอนุรักษ์วัฒนธรรมไทยสิริจิตอุทยาน,Sirichit Thai Cultural Conservation Ground,"ต.ในเมือง อ.เมือง, กำแพงเพชร",16.475374,99.525425,2026-09-05,02:00,13.3,22.0,23.0,22,False,False,2026-09-05T02:38:09
46t,ส่วนอุทกวิทยา สำนักงานทรัพยากรน้ำภาคที่4 ขอนแก่น,Hydrogeological Group Water Resources Regional Office4 khonkaen,"ต.ในเมือง อ.เมือง, ขอนแก่น",16.44538333,102.83525,2026-09-05,02:00,21.8,42.0,,42,False,False,2026-09-05T02:38:09
100t,สถานีอุตุนิยมวิทยาจันทบุรี,Chanthaburi Meteorological Station,"ต.วัดใหม่ อ.เมือง, จันทบุรี",12.6095704,102.1040804,2026-09-05,02:00,12.3,21.0,32.0,21,False,False,2026-09-05T02:38:09
60t,สำนักงานเทศบาลตำบลทุ่งสะเดา,Municipality Office Tungsadao,"ต.วังเย็น อ.แปลงยาว, ฉะเชิงเทรา",13.5885,101.2863333,2026-09-05,02:00,18.8,35.0,,35,False,False,2026-09-05T02:38:09
33t,โรงพยาบาลส่งเสริมสุขภาพตำบลบ้านเขาหิน,Health Promotion Hospital Bankhaohin,"ต.บ่อวิน อ.ศรีราชา, ชลบุรี",13.054551,101.098128,2026-09-05,02:00,12.1,20.0,,20,False,False,2026-09-05T02:38:09
34t,สำนักงานสิ่งแวดล้อมภาคที่ 13 ,"Environment Agency Section 13, Chonburi","ต.บ้านสวน อ.เมือง, ชลบุรี",13.35461667,100.9792167,2026-09-04,11:00,,,,0,False,False,2026-09-05T02:38:09
o61,สนามกีฬาเทศบาลแหลมฉบัง ,Laem Chabang Municipal Stadium,"ต.ทุ่งสุขลา อ.ศรีราชา, ชลบุรี",13.11923333,100.91855,2026-09-05,02:00,12.5,21.0,,21,False,False,2026-09-05T02:38:09
117t,สวนสาธารณะเฉลิมพระเกียรติ ร. 9,Chalermprakiat Rama IX Park,"ต.บ้านกล้วย อ.เมือง, ชัยนาท",15.173475,100.132105,2026-09-05,02:00,16.5,29.0,,29,False,False,2026-09-05T02:38:09
108t,สนามกีฬาเทศบาลเมืองชัยภูมิ,Mueang Chaiyaphum Municipality Stadium," ต.ในเมือง อ.เมืองชัยภูมิ, ชัยภูมิ",15.81148,102.02281,2026-09-05,02:00,13.5,23.0,,23,False,False,2026-09-05T02:38:09
118t,สนามกีฬา จ.ชุมพร,"Sports Stadium, Chumphon Province","ต.ท่าตะเภา อ.เมือง, จ.ชุมพร",10.495142389105824,99.1893540951232,2026-09-05,02:00,5.8,10.0,,10,False,False,2026-09-05T02:38:09
93t,วิทยาลัยสารพัดช่างตรัง,"Polytechnic College, Trang ","ต.นาตาล่วง อ.เมือง, ตรัง",7.570238,99.588743,2026-09-05,02:00,5.8,10.0,13.0,10,False,False,2026-09-05T02:38:09
87t,สนามกีฬากลางจังหวัดตราด,Trat Provincial Central Stadium,"ต.บางพระ อ.เมือง, ตราด",12.234862,102.523721,2026-09-05,02:00,14.9,25.0,,25,False,False,2026-09-05T02:38:09
76t,ศูนย์การศึกษานอกโรงเรียน,"Non-Formal Education Centre, Mea Sot","ต.แม่ปะ อ.แม่สอด, ตาก",16.734413,98.566961,2026-09-04,17:00,11.0,18.0,,18,False,True,2026-09-05T02:38:09
105t,ศูนย์บริการสาธารณสุขเทศบาลเมืองนครนายก,Nakhon Nayok Municipality Public Health Service Center,"ต.บ้านใหญ่ อ.เมือง, นครนายก",14.20422,101.21509,2026-09-05,02:00,14.3,24.0,,24,False,False,2026-09-05T02:38:09
81t,อ่างเก็บน้ำประปา,Water reservoir,"ต.นครปฐม อ.เมือง, นครปฐม",13.832076,100.057961,2026-09-05,02:00,12.2,20.0,,20,False,False,2026-09-05T02:38:09
88t,สถานีอุตุนิยมวิทยานครพนม,"Meteorological stations, Nakhon Phanom","ต.ในเมือง อ.เมือง, นครพนม",17.412345,104.7786123,2026-09-05,02:00,13.7,23.0,23.0,23,False,False,2026-09-05T02:38:09
47t,สถานีสูบน้ำประตูพลแสน,Municipal Waste Water Pumping Station,"ต.ในเมือง อ.เมือง, นครราชสีมา",14.979537,102.098335,2026-09-05,02:00,19.4,36.0,,36,False,False,2026-09-05T02:38:09
89t,ศูนย์ฟื้นฟูสุขภาพผู้สูงอายุ,Elderly Health Rehabilitation Center,"ต.คลัง อ.เมือง, นครศรีธรรมราช",8.426923,99.961469,2026-09-04,22:00,5.6,9.0,12.0,9,False,False,2026-09-05T02:38:09
41t,โครงการชลประทานนครสวรรค์,Nakhonsawan Irrigation Project ,"ต.ปากน้ำโพ อ.เมือง, นครสวรรค์",15.68623,100.110556,2026-09-04,17:00,10.9,18.0,,18,False,False,2026-09-05T02:38:09
13t,กรมควบคุมโรค,Department of Disease Control,"ต.ตลาดขวัญ อ.เมือง, นนทบุรี",13.852778,100.529444,2026-09-05,02:00,10.2,17.0,30.0,17,False,False,2026-09-05T02:38:09
22t,มหาวิทยาลัยสุโขทัยธรรมาธิราช ,Sukhothai Thammathirat Open University,"ต.บางพูด อ.ปากเกร็ด, นนทบุรี",13.907861,100.535641,2026-09-05,02:00,12.4,21.0,29.0,21,False,False,2026-09-05T02:38:09
62t,ศาลากลางจังหวัดนราธิวาส ,"City Hall, Narathiwat","ต.บางนาค อ.เมือง, นราธิวาส",6.426853,101.823388,2026-09-04,22:00,7.2,12.0,,12,False,False,2026-09-05T02:38:09
67t,สำนักงานเทศบาลเมืองน่าน,"Municipality Office, Nan","ต.ในเวียง อ.เมือง, น่าน",18.7888833,100.7763166,2026-09-05,02:00,16.2,29.0,,29,False,True,2026-09-05T02:38:09
75t,โรงพยาบาลเฉลิมพระเกียรติ ,Chalermprakiet Hospital,"ต.ห้วยโก๋น อ.เฉลิมพระเกียรติ, น่าน",19.5759666,101.0815166,2026-09-05,02:00,6.9,12.0,,12,False,True,2026-09-05T02:38:09
106t,สวนสาธารณะหนองบึงกาฬ,Nong Bueng Kan Park,"ต.บึงกาฬ อ.เมือง, จ.บึงกาฬ ",18.362008,103.65977,2026-09-05,02:00,6.2,10.0,,19,False,False,2026-09-05T02:38:09
101t,ศาลากลางจังหวัดบุรีรัมย์,Buriram City Hall,"ต.เสม็ด อ.เมือง, บุรีรัมย์",14.945452,103.105896,2026-09-05,02:00,16.4,29.0,32.0,29,False,False,2026-09-05T02:38:09
20t,มหาวิทยาลัยกรุงเทพ วิทยาเขตรังสิต ,Bangkok University Rangsit Campus,"ต.คลองหนึ่ง อ.คลองหลวง, ปทุมธานี",14.03742,100.605216,2026-09-05,02:00,22.3,43.0,40.0,43,False,False,2026-09-05T02:38:09
103t, สถานีตรวจอากาศหัวหิน สถานีอุตุนิยมวิทยาประจวบคีรีขันธ์,Hua Hin Weather Station Prachuap Khiri Khan Meteorological Station,"ต.หัวหิน อ.หัวหิน, ประจวบคิรีขันธ์",12.577835,99.953663,2026-09-05,02:00,10.8,18.0,47.0,24,False,False,2026-09-05T02:38:09
77t,ศาลาประชาคมบ้านบุยายใบ,Bu Yai Bai Hall Station,"ต.ท่าตูม อ.ศรีมหาโพธิ, ปราจีนบุรี",13.917563,101.590529,2026-09-05,02:00,25.6,53.0,41.0,53,False,False,2026-09-05T02:38:09
121t,ศูนย์ป่าไม้จังหวัดปัตตานี,Pattani Provincial Forestry Center,"ต.รูสะมิแล อ.เมือง, ปัตตานี",6.890637,101.250888,2026-09-05,02:00,7.4,12.0,,12,False,False,2026-09-05T02:38:09
21t,โรงเรียนอยุธยาวิทยาลัย,Ayutthaya Witthayalai School,"ต.ประตูชัย อ.พระนครศรีอยุธยา, พระนครศรีอยุธยา",14.35222,100.565325,2026-09-05,02:00,16.5,29.0,,29,False,False,2026-09-05T02:38:09
70t,สนามกีฬาจังหวัดพะเยา,"Phayao Provincial, Phayao","ต.บ้านต๋อม อ.เมือง, พะเยา",19.200226,99.893048,2026-09-04,04:00,10.2,17.0,,17,False,True,2026-09-05T02:38:09
120t,สนามกีฬากลางจังหวัดพัทลุง,Phatthalung Provincial Stadium,"ต.เขาเจียก อ.เมือง, พัทลุง",7.6156514,100.0480234,2026-09-05,02:00,6.1,10.0,,11,False,False,2026-09-05T02:38:09
95t,สนามกีฬาจังหวัดพิจิตร," Phichit Provincial , Phichit","ต.ในเมือง อ.เมือง, พิจิตร",16.442554,100.322756,2026-09-05,02:00,11.2,19.0,30.0,19,False,False,2026-09-05T02:38:09
86t,สวนชมน่านเฉลิมพระเกียรติ,Chom Nan Chaloem Phrakiat Public Park,"ต.ในเมือง อ.เมือง, พิษณุโลก",16.820833,100.258056,2026-09-05,02:00,,,,6,False,False,2026-09-05T02:38:09
43t,ศูนย์บริการสาธารณสุขเทศบาลภูเก็ต,Municipal Health Center,"ต.ตลาดใหญ่ อ.เมือง, ภูเก็ต",7.884488,98.391283,2026-09-04,22:00,5.7,10.0,,10,False,False,2026-09-05T02:38:09
114t,สวนสุขภาพประมวลสุข,Pramuan Suk Health Park,"ต.ตลาด อ.เมือง, มหาสารคาม",16.177283,103.299824,2026-09-05,01:00,10.1,17.0,23.0,17,False,False,2026-09-05T02:38:09
102t,สนามกีฬากลางจังหวัดมุกดาหาร,Mukdahan Provincial Stadium,"ต.มุกดาหาร อ.เมือง, มุกดาหาร",16.54257,104.7192,2026-09-05,02:00,13.6,23.0,29.0,23,False,False,2026-09-05T02:38:09
63t,สนามโรงพิธีช้างเผือก ,White Elephant Park,"ต.สะเตง อ.เมือง, ยะลา",6.546205,101.283137,2026-09-04,22:00,7.2,12.0,,12,False,False,2026-09-05T02:38:09
78t,ศูนย์พัฒนาเด็กเล็กเทศบาลเมืองเบตง,"child development centers, Betong","ต.เบตง อ.เบตง, ยะลา",5.763873,101.067903,2026-09-05,01:00,6.4,11.0,,11,False,False,2026-09-05T02:38:09
109t,สวนสาธารณะพญาแถน,Phaya Thaen Public Park,"ต.ในเมือง,อ.เมือง, ยโสธร",15.783861,104.154639,2026-09-05,02:00,14.4,24.0,,24,False,False,2026-09-05T02:38:09
28t,สำนักงานสาธารณสุขอำเภอปลวกแดง,Pluakdaeng District Health Office,"ต.ปลวกแดง อ.ปลวกแดง, ระยอง",12.97378333,101.21285,2026-09-05,02:00,19.0,35.0,,35,False,False,2026-09-05T02:38:09
29t,โรงพยาบาลส่งเสริมสุขภาพตำบลมาบตาพุด ,Health Promotion Hospital Maptaput,"ต.มาบตาพุด อ.เมือง, ระยอง",12.70865,101.1659833,2026-09-05,02:00,21.0,40.0,57.0,40,False,False,2026-09-05T02:38:09
30t,สนามกีฬากลางจังหวัดระยอง,Rayong Provincial Stadium,"สนามกีฬากลางจังหวัดระยอง ต.เนินพระ อ.เมือง, ระยอง",12.678917,101.234664,2026-09-05,02:00,11.6,19.0,42.0,21,False,False,2026-09-05T02:38:09
31t,ศูนย์วิจัยพืชไร่ระยอง ,"Field Crop Research Center, Rayong","ต.ห้วยโป่ง อ.เมือง, ระยอง",12.73518333,101.13565,2026-09-05,02:00,32.5,80.0,,80,False,False,2026-09-05T02:38:09
74t,ศูนย์ราชการจังหวัดระยอง ,"Government Complex, Rayong","ศูนย์ราชการจังหวัดระยอง  ต.เนินพระ อ.เมือง, ระยอง",12.7066,101.18055,2026-09-05,02:00,16.3,29.0,,29,False,False,2026-09-05T02:38:09
o63,ค่ายสุรสิงหนาท,Khai Surasinghanat,"ต.ตะพง อ.เมือง, ระยอง",12.648576,101.32245,2026-09-05,02:00,8.7,15.0,,15,False,False,2026-09-05T02:38:09
26t,สำนักงานสิ่งแวดล้อมภาคที่8,Environmental Office 8 ratchaburi,"ต.หน้าเมือง อ.เมือง, ราชบุรี",13.52344,99.814082,2026-09-05,02:00,17.6,32.0,,32,False,False,2026-09-05T02:38:09
113t,บึงพลาญชัย,Bueng Planchai,"ต.ในเมือง อ.เมือง, ร้อยเอ็ด",16.057448,103.651056,2026-09-05,02:00,12.5,21.0,24.0,21,False,False,2026-09-05T02:38:09
99t,สถานีอุตุนิยมวิทยาลพบุรี, Meteorological Station Lopburi,"ต.ทะเลชุบศร อ.เมือง, ลพบุรี",14.800032,100.628548,2026-09-05,02:00,16.0,28.0,33.0,28,False,False,2026-09-05T02:38:09
37t,สถานีอุตุนิยมวิทยาลำปาง,"Meteorological stations, Lampang","ต.พระบาท อ.เมือง, ลำปาง",18.2783333,99.5064666,2026-09-04,17:00,11.1,19.0,,19,False,True,2026-09-05T02:38:09
38t,โรงพยาบาลส่งเสริมสุขภาพตำบลบ้านสบป้าด ,"Health Promotion Hospital Sob Pad, Lampang","ต.สบป้าด อ.แม่เมาะ, ลำปาง",18.2508166,99.76395,2026-09-04,17:00,10.7,18.0,,18,False,True,2026-09-05T02:38:09
39t,โรงพยาบาลส่งเสริมสุขภาพตำบลท่าสี ,Health Promotion Hospital Banthasri,"ต.บ้านดง อ.แม่เมาะ, ลำปาง",18.4267833,99.7576333,2026-09-04,17:00,10.6,18.0,,18,False,True,2026-09-05T02:38:09
40t,การประปาส่วนภูมิภาคแม่เมาะ,Provincial Waterworks Authority Mae Moh,"ต.แม่เมาะ อ.แม่เมาะ, ลำปาง",18.2826333,99.6598166,2026-09-05,02:00,12.7,21.0,,21,False,True,2026-09-05T02:38:09
68t,อุตุนิยมวิทยาลำพูน,"Meteorological Staions, Lamphun","ต.บ้านกลาง อ.เมือง, ลำพูน",18.567194,99.038639,2026-09-05,02:00,13.3,22.0,23.0,22,False,True,2026-09-05T02:38:09
112t,สถานีอุตุนิยมวิทยาศรีสะเกษ,Sisaket Meteorological Center,"ต.หนองครก อ.เมือง, ศรีสะเกษ",15.087087,104.326787,2026-09-05,02:00,9.9,17.0,,18,False,False,2026-09-05T02:38:09
90t,สถานีอุตุนิยมวิทยาสกลนคร,"Meteorological stations, Sakon Nakhon","ต.ธาตุนาเวง อ.เมือง, สกลนคร",17.15662,104.133216,2026-09-05,02:00,10.2,17.0,18.0,17,False,False,2026-09-05T02:38:09
44t,เทศบาลนครหาดใหญ่ ,Hat Yai Municipality,"ต.หาดใหญ่ อ.หาดใหญ่, สงขลา",7.020434,100.484088,2026-09-04,22:00,5.9,10.0,,10,False,False,2026-09-05T02:38:09
80t,ศาลากลาง จ.สตูล,"City Hall, Satun","ต.พิมาน อ.เมือง, สตูล",6.624747,100.066159,2026-09-04,22:00,5.5,9.0,,9,False,False,2026-09-05T02:38:09
08t,ศูนย์ฟื้นฟูอาชีพคนพิการและทุพลภาพ ,Prabadang Rehabiltation Center,"ต.ทรงคนอง อ.พระประแดง, สมุทรปราการ",13.664087,100.543436,2026-09-05,02:00,20.6,39.0,,39,False,False,2026-09-05T02:38:09
16t,โรงไฟฟ้าพระนครใต้ ,South Bangkok Power Plant,"ต.บางโปรง อ.เมือง, สมุทรปราการ",13.618,100.5562,2026-09-05,02:00,14.3,24.0,28.0,24,False,False,2026-09-05T02:38:09
17t,บ้านพักกรมอุตสาหกรรมพื้นฐานและการเหมืองแร่,Residence for Dept. of Mineral Resources,"ต.ตลาด อ.พระประแดง, สมุทรปราการ",13.652141,100.531805,2026-09-05,02:00,14.8,25.0,,25,False,False,2026-09-05T02:38:09
18t,ศาลากลางจังหวัดสมุทรปราการ ,"City Hall, Samut Prakan","ต.ปากน้ำ อ.เมือง, สมุทรปราการ",13.599149,100.597345,2026-09-05,02:00,24.6,49.0,,49,False,False,2026-09-05T02:38:09
19t,การเคหะชุมชนเมืองใหม่บางพลี ,National Housing Authority Bangplee,"ต.บางเสาธง อ.บางเสาธง, สมุทรปราการ",13.5705,100.7862867,2026-09-05,02:00,16.5,29.0,,29,False,False,2026-09-05T02:38:09
84t,สำนักงานสาธารณสุขจังหวัดสมุทรสงคราม,Samut Songkhram Health Office," ต.ลาดใหญ่ อ.เมือง, สมุทรสงคราม",13.428581,100.024664,2026-09-05,02:00,14.8,25.0,35.0,25,False,False,2026-09-05T02:38:09
14t,แขวงการทางสมุทรสาคร ,Highway District,"ต.อ้อมน้อย อ.กระทุ่มแบน, สมุทรสาคร",13.7054879,100.315622,2026-09-05,02:00,22.8,45.0,,45,False,False,2026-09-05T02:38:09
27t,โรงเรียนสมุทรสาครวิทยาลัย,Samut Sakhon Wittayalai School,"ต.มหาชัย อ.เมือง, สมุทรสาคร",13.5502631,100.2647676,2026-09-05,02:00,18.2,34.0,,34,False,False,2026-09-05T02:38:09
24t,สถานีตำรวจภูธรตำบลหน้าพระลาน ,Na Phralan Police Station ,"ต.หน้าพระลาน อ.เฉลิมพระเกียรติ, สระบุรี",14.685833,100.871996,2026-09-05,02:00,24.1,48.0,85.0,56,False,False,2026-09-05T02:38:09
25t,สถานีดับเพลิงพระลักษณ์,Khao Noi Fire Station,"ต.ปากเพรียว อ.เมือง, สระบุรี",14.526343,100.926047,2026-09-05,02:00,16.2,29.0,32.0,29,False,False,2026-09-05T02:38:09
71t,สวนกาญจนาภิเษก ร.9 (ฝั่งสวนหิน),Kanjanapisek Park,"ต.อรัญประเทศ อ.อรัญประเทศ, สระแก้ว",13.691047,102.510442,2026-09-05,02:00,12.0,20.0,26.0,20,False,False,2026-09-05T02:38:09
104t,โรงเรียนสิงห์บุรี,SINGBURI SCHOOL,"ต.บางมัญ อ.เมือง, สิงห์บุรี",14.8933874,100.4130773,2026-09-05,02:00,15.5,27.0,,27,False,False,2026-09-05T02:38:09
85t,สนามกีฬากลางจังหวัดสุพรรณบุรี,Suphan Buri Provincial Central Stadium,"ต.ดอนกำยาน อ.เมือง, สุพรรณบุรี",14.476214,100.086095,2026-09-05,02:00,16.0,28.0,,28,False,False,2026-09-05T02:38:09
42t,สำนักงานสิ่งแวดล้อมภาคที่ 14,"Environment Agency Section 14, Surat Thani","ต.มะขามเตี้ย อ.เมือง, สุราษฎร์ธานี",9.126017,99.325145,2026-09-04,22:00,5.6,9.0,,9,False,False,2026-09-05T02:38:09
111t,สถานีอุตุนิยมวิทยาสุรินทร์,Surin Meteorological Center,"ต.นอกเมือง, อ.เมือง, จ.สุรินทร์",14.8762222,103.4965833,2026-09-05,02:00,12.4,21.0,,21,False,False,2026-09-05T02:38:09
96t,สวนสาธารณะ ชุมชนเลอไทย,Le Thai Community Park,"ต.ธานี อ.เมือง, สุโขทัย",17.006059,99.81927,2026-09-05,02:00,10.2,17.0,23.0,17,False,False,2026-09-05T02:38:09
82t,สวนสาธารณะหนองถิ่น,"Nong Thin Public Park, Nong Khai"," ต.มีชัย อ.เมือง, หนองคาย",17.87748,102.728925,2026-09-05,02:00,14.0,23.0,31.0,23,False,False,2026-09-05T02:38:09
115t,องค์การริหารส่วนจังหวัดหนองบัวลำภู,Nong Bua Lamphu Provincial Administrative Organization ,"ต.หนองบัว อ.เมือง, หนองบัวลำภู",17.193824,102.4585009,2026-09-05,02:00,8.4,14.0,18.0,14,False,False,2026-09-05T02:38:09
110t,สำนักงานเทศบาลเมืองอำนาจเจริญ,Amnat Charoen Municipality,"ต.บุ่ง, อ.เมือง, จ.อำนาจเจริญ",15.8758,104.6223,2026-09-05,02:00,15.4,27.0,,27,False,False,2026-09-05T02:38:09
91t,สวนสาธารณะหนองประจักษ์ อุดรธานี,"Nong Prajak Public Park, Udon Thani","ต.หมากแข้ง อ.เมือง, อุดรธานี",17.414174,102.780926,2026-09-05,02:00,10.9,18.0,,18,False,False,2026-09-05T02:38:09
92t,สวนมหามงคลเฉลิมพระชนมพรรษา 6 รอบ 5 ธันวาคม 2552 อุตรดิตถ์,"72nd Anniversary King Bhumibol Public Park, Uttaradit","ต.ท่าอิฐ อ.เมือง, อุตรดิตถ์",17.631352,100.09896,2026-09-05,02:00,11.1,19.0,21.0,19,False,True,2026-09-05T02:38:09
98t,สถานีสวนเฉลิมพระเกียรติพระบาทสมเด็จพระเจ้าอยู่หัว เฉลิมพระชนมพรรษา 80 พรรษา,Chaloem Phrakiat Park Station 80th birthday celebration,"ต.อุทัยใหม่ อ.เมือง, อุทัยธานี",15.384667,100.024992,2026-09-05,02:00,15.1,26.0,28.0,26,False,False,2026-09-05T02:38:09
83t,ศูนย์แสดงและจำหน่ายสินค้า OTOP จังหวัดอุบลราชธานี,"OTOP Center, Ubon Ratchathani","ต.ในเมือง อ.เมือง, อุบลราชธานี",15.245413,104.846219,2026-09-05,01:00,14.4,24.0,27.0,24,False,False,2026-09-05T02:38:09
116t, สวนน้ำเฉลิมพระเกียรติ ,Chaloem Phra Kiat Water Park,"ต.ย่านซื่อ อ.เมือง, อ่างทอง",14.606306,100.453589,2026-09-05,02:00,15.1,26.0,33.0,26,False,False,2026-09-05T02:38:09
57t,สำนักงานทรัพยากรธรรมชาติและสิ่งแวดล้อมจังหวัดเชียงราย,"Natural Resources and Environment Office, Chiangrai","ต.เวียง อ.เมือง, เชียงราย",19.909217,99.823467,2026-09-05,02:00,7.3,12.0,13.0,12,False,True,2026-09-05T02:38:09
73t,สำนักงานสาธารณสุขแม่สาย,Maesai Health Office,"ต.เวียงพางคำ อ.แม่สาย, เชียงราย",20.427325,99.883842,2026-09-05,02:00,10.9,18.0,,18,False,True,2026-09-05T02:38:09
35t,ศูนย์ราชการจังหวัดเชียงใหม่ ,"City Hall, Chiangmai","ต.ช้างเผือก อ.เมือง, เชียงใหม่",18.840732,98.96978,2026-09-05,02:00,18.4,34.0,,34,True,True,2026-09-05T02:38:09
36t,โรงเรียนยุพราชวิทยาลัย ,Yupparaj Wittayalai School,"ต.ศรีภูมิ อ.เมือง, เชียงใหม่",18.7909333,98.99,2026-09-05,02:00,13.9,23.0,,23,True,True,2026-09-05T02:38:09
97t,สวนเพชบุระ,Phetbura garden,"ต.ในเมือง อ.เมือง, เพชรบูรณ์",16.418417,101.156556,2026-09-05,02:00,10.5,18.0,20.0,18,False,False,2026-09-05T02:38:09
72t,สวนสาธารณะเฉลิมพระเกียรติ 60 พรรษามหาราชินี จังหวัดเลย,"60th Anniversary Queen Sirikit Public Park, Loei","ต.กุดป่อง อ.เมือง, เลย",17.48462,101.732734,2026-09-05,02:00,8.7,15.0,17.0,15,False,False,2026-09-05T02:38:09
69t,อุตุนิยมวิทยาจังหวัดแพร่,"Meteorology Center, Phrae","ต.นาจักร อ.เมือง, แพร่",18.1283666,100.1624333,2026-09-05,02:00,10.6,18.0,,18,False,True,2026-09-05T02:38:09
58t,สำนักงานทรัพยากรธรรมชาติและสิ่งแวดล้อมจังหวัดแม่ฮ่องสอน,"Natural Resources and Environment Office, Mae Hongson","ต.จองคำ อ.เมือง, แม่ฮ่องสอน",19.30455,97.97165,2026-09-05,01:00,11.2,19.0,22.0,19,False,True,2026-09-05T02:38:09
