fetch_id,source_name,endpoint_url,location,req_lat,req_lon,grid_lat,grid_lon,elevation_m,variables,start_date,end_date,timezone,rows_returned,retrieved_at,from_cache,status,raw_file
openmeteo_air_mueang_chiang_mai_2023-01-01_2023-12-31,Open-Meteo Air Quality (CAMS),https://air-quality-api.open-meteo.com/v1/air-quality,mueang_chiang_mai,18.7883,98.9853,18.800003,99.0,313.0,"pm2_5,pm10,carbon_monoxide,dust",2023-01-01,2023-12-31,Asia/Bangkok,8760,2026-09-05T02:36:31,False,success,openmeteo_air_mueang_chiang_mai_2023-01-01_2023-12-31.json
openmeteo_air_mueang_chiang_mai_2024-01-01_2024-12-31,Open-Meteo Air Quality (CAMS),https://air-quality-api.open-meteo.com/v1/air-quality,mueang_chiang_mai,18.7883,98.9853,18.800003,99.0,313.0,"pm2_5,pm10,carbon_monoxide,dust",2024-01-01,2024-12-31,Asia/Bangkok,8784,2026-09-05T02:36:33,False,success,openmeteo_air_mueang_chiang_mai_2024-01-01_2024-12-31.json
openmeteo_air_mueang_chiang_mai_2025-01-01_2025-12-31,Open-Meteo Air Quality (CAMS),https://air-quality-api.open-meteo.com/v1/air-quality,mueang_chiang_mai,18.7883,98.9853,18.800003,99.0,313.0,"pm2_5,pm10,carbon_monoxide,dust",2025-01-01,2025-12-31,Asia/Bangkok,8760,2026-09-05T02:36:35,False,success,openmeteo_air_mueang_chiang_mai_2025-01-01_2025-12-31.json
openmeteo_air_mueang_chiang_mai_2026-01-01_2026-08-29,Open-Meteo Air Quality (CAMS),https://air-quality-api.open-meteo.com/v1/air-quality,mueang_chiang_mai,18.7883,98.9853,18.800003,99.0,313.0,"pm2_5,pm10,carbon_monoxide,dust",2026-01-01,2026-08-29,Asia/Bangkok,5784,2026-09-05T02:36:37,False,success,openmeteo_air_mueang_chiang_mai_2026-01-01_2026-08-29.json
openmeteo_air_mae_hong_son_2023-01-01_2023-12-31,Open-Meteo Air Quality (CAMS),https://air-quality-api.open-meteo.com/v1/air-quality,mae_hong_son,19.302,97.965,19.300003,98.0,260.0,"pm2_5,pm10,carbon_monoxide,dust",2023-01-01,2023-12-31,Asia/Bangkok,8760,2026-09-05T02:36:39,False,success,openmeteo_air_mae_hong_son_2023-01-01_2023-12-31.json
openmeteo_air_mae_hong_son_2024-01-01_2024-12-31,Open-Meteo Air Quality (CAMS),https://air-quality-api.open-meteo.com/v1/air-quality,mae_hong_son,19.302,97.965,19.300003,98.0,260.0,"pm2_5,pm10,carbon_monoxide,dust",2024-01-01,2024-12-31,Asia/Bangkok,8784,2026-09-05T02:36:41,False,success,openmeteo_air_mae_hong_son_2024-01-01_2024-12-31.json
openmeteo_air_mae_hong_son_2025-01-01_2025-12-31,Open-Meteo Air Quality (CAMS),https://air-quality-api.open-meteo.com/v1/air-quality,mae_hong_son,19.302,97.965,19.300003,98.0,260.0,"pm2_5,pm10,carbon_monoxide,dust",2025-01-01,2025-12-31,Asia/Bangkok,8760,2026-09-05T02:36:43,False,success,openmeteo_air_mae_hong_son_2025-01-01_2025-12-31.json
openmeteo_air_mae_hong_son_2026-01-01_2026-08-29,Open-Meteo Air Quality (CAMS),https://air-quality-api.open-meteo.com/v1/air-quality,mae_hong_son,19.302,97.965,19.300003,98.0,260.0,"pm2_5,pm10,carbon_monoxide,dust",2026-01-01,2026-08-29,Asia/Bangkok,5784,2026-09-05T02:36:44,False,success,openmeteo_air_mae_hong_son_2026-01-01_2026-08-29.json
openmeteo_air_mueang_chiang_rai_2023-01-01_2023-12-31,Open-Meteo Air Quality (CAMS),https://air-quality-api.open-meteo.com/v1/air-quality,mueang_chiang_rai,19.9086,99.8325,19.900002,99.80002,400.0,"pm2_5,pm10,carbon_monoxide,dust",2023-01-01,2023-12-31,Asia/Bangkok,8760,2026-09-05T02:36:46,False,success,openmeteo_air_mueang_chiang_rai_2023-01-01_2023-12-31.json
openmeteo_air_mueang_chiang_rai_2024-01-01_2024-12-31,Open-Meteo Air Quality (CAMS),https://air-quality-api.open-meteo.com/v1/air-quality,mueang_chiang_rai,19.9086,99.8325,19.900002,99.80002,400.0,"pm2_5,pm10,carbon_monoxide,dust",2024-01-01,2024-12-31,Asia/Bangkok,8784,2026-09-05T02:36:48,False,success,openmeteo_air_mueang_chiang_rai_2024-01-01_2024-12-31.json
openmeteo_air_mueang_chiang_rai_2025-01-01_2025-12-31,Open-Meteo Air Quality (CAMS),https://air-quality-api.open-meteo.com/v1/air-quality,mueang_chiang_rai,19.9086,99.8325,19.900002,99.80002,400.0,"pm2_5,pm10,carbon_monoxide,dust",2025-01-01,2025-12-31,Asia/Bangkok,8760,2026-09-05T02:36:50,False,success,openmeteo_air_mueang_chiang_rai_2025-01-01_2025-12-31.json
openmeteo_air_mueang_chiang_rai_2026-01-01_2026-08-29,Open-Meteo Air Quality (CAMS),https://air-quality-api.open-meteo.com/v1/air-quality,mueang_chiang_rai,19.9086,99.8325,19.900002,99.80002,400.0,"pm2_5,pm10,carbon_monoxide,dust",2026-01-01,2026-08-29,Asia/Bangkok,5784,2026-09-05T02:36:52,False,success,openmeteo_air_mueang_chiang_rai_2026-01-01_2026-08-29.json
openmeteo_air_mueang_lampang_2023-01-01_2023-12-31,Open-Meteo Air Quality (CAMS),https://air-quality-api.open-meteo.com/v1/air-quality,mueang_lampang,18.2855,99.513,18.300003,99.5,244.0,"pm2_5,pm10,carbon_monoxide,dust",2023-01-01,2023-12-31,Asia/Bangkok,8760,2026-09-05T02:36:54,False,success,openmeteo_air_mueang_lampang_2023-01-01_2023-12-31.json
openmeteo_air_mueang_lampang_2024-01-01_2024-12-31,Open-Meteo Air Quality (CAMS),https://air-quality-api.open-meteo.com/v1/air-quality,mueang_lampang,18.2855,99.513,18.300003,99.5,244.0,"pm2_5,pm10,carbon_monoxide,dust",2024-01-01,2024-12-31,Asia/Bangkok,8784,2026-09-05T02:36:55,False,success,openmeteo_air_mueang_lampang_2024-01-01_2024-12-31.json
openmeteo_air_mueang_lampang_2025-01-01_2025-12-31,Open-Meteo Air Quality (CAMS),https://air-quality-api.open-meteo.com/v1/air-quality,mueang_lampang,18.2855,99.513,18.300003,99.5,244.0,"pm2_5,pm10,carbon_monoxide,dust",2025-01-01,2025-12-31,Asia/Bangkok,8760,2026-09-05T02:36:57,False,success,openmeteo_air_mueang_lampang_2025-01-01_2025-12-31.json
openmeteo_air_mueang_lampang_2026-01-01_2026-08-29,Open-Meteo Air Quality (CAMS),https://air-quality-api.open-meteo.com/v1/air-quality,mueang_lampang,18.2855,99.513,18.300003,99.5,244.0,"pm2_5,pm10,carbon_monoxide,dust",2026-01-01,2026-08-29,Asia/Bangkok,5784,2026-09-05T02:36:59,False,success,openmeteo_air_mueang_lampang_2026-01-01_2026-08-29.json
openmeteo_weather_mueang_chiang_mai_2023-01-01_2023-12-31,Open-Meteo Archive (ERA5),https://archive-api.open-meteo.com/v1/archive,mueang_chiang_mai,18.7883,98.9853,18.80492,99.02655,313.0,"temperature_2m,relative_humidity_2m,dew_point_2m,wind_speed_10m,wind_direction_10m,wind_gusts_10m,precipitation,surface_pressure,boundary_layer_height,cloud_cover,shortwave_radiation,soil_moisture_0_to_7cm,et0_fao_evapotranspiration",2023-01-01,2023-12-31,Asia/Bangkok,8760,2026-09-05T02:37:03,False,success,openmeteo_weather_mueang_chiang_mai_2023-01-01_2023-12-31.json
openmeteo_weather_mueang_chiang_mai_2024-01-01_2024-12-31,Open-Meteo Archive (ERA5),https://archive-api.open-meteo.com/v1/archive,mueang_chiang_mai,18.7883,98.9853,18.80492,99.02655,313.0,"temperature_2m,relative_humidity_2m,dew_point_2m,wind_speed_10m,wind_direction_10m,wind_gusts_10m,precipitation,surface_pressure,boundary_layer_height,cloud_cover,shortwave_radiation,soil_moisture_0_to_7cm,et0_fao_evapotranspiration",2024-01-01,2024-12-31,Asia/Bangkok,8784,2026-09-05T02:37:06,False,success,openmeteo_weather_mueang_chiang_mai_2024-01-01_2024-12-31.json
openmeteo_weather_mueang_chiang_mai_2025-01-01_2025-12-31,Open-Meteo Archive (ERA5),https://archive-api.open-meteo.com/v1/archive,mueang_chiang_mai,18.7883,98.9853,18.80492,99.02655,313.0,"temperature_2m,relative_humidity_2m,dew_point_2m,wind_speed_10m,wind_direction_10m,wind_gusts_10m,precipitation,surface_pressure,boundary_layer_height,cloud_cover,shortwave_radiation,soil_moisture_0_to_7cm,et0_fao_evapotranspiration",2025-01-01,2025-12-31,Asia/Bangkok,8760,2026-09-05T02:37:08,False,success,openmeteo_weather_mueang_chiang_mai_2025-01-01_2025-12-31.json
openmeteo_weather_mueang_chiang_mai_2026-01-01_2026-08-29,Open-Meteo Archive (ERA5),https://archive-api.open-meteo.com/v1/archive,mueang_chiang_mai,18.7883,98.9853,18.80492,99.02655,313.0,"temperature_2m,relative_humidity_2m,dew_point_2m,wind_speed_10m,wind_direction_10m,wind_gusts_10m,precipitation,surface_pressure,boundary_layer_height,cloud_cover,shortwave_radiation,soil_moisture_0_to_7cm,et0_fao_evapotranspiration",2026-01-01,2026-08-29,Asia/Bangkok,5784,2026-09-05T02:37:10,False,success,openmeteo_weather_mueang_chiang_mai_2026-01-01_2026-08-29.json
openmeteo_weather_mae_hong_son_2023-01-01_2023-12-31,Open-Meteo Archive (ERA5),https://archive-api.open-meteo.com/v1/archive,mae_hong_son,19.302,97.965,19.29701,97.930695,260.0,"temperature_2m,relative_humidity_2m,dew_point_2m,wind_speed_10m,wind_direction_10m,wind_gusts_10m,precipitation,surface_pressure,boundary_layer_height,cloud_cover,shortwave_radiation,soil_moisture_0_to_7cm,et0_fao_evapotranspiration",2023-01-01,2023-12-31,Asia/Bangkok,8760,2026-09-05T02:37:12,False,success,openmeteo_weather_mae_hong_son_2023-01-01_2023-12-31.json
openmeteo_weather_mae_hong_son_2024-01-01_2024-12-31,Open-Meteo Archive (ERA5),https://archive-api.open-meteo.com/v1/archive,mae_hong_son,19.302,97.965,19.29701,97.930695,260.0,"temperature_2m,relative_humidity_2m,dew_point_2m,wind_speed_10m,wind_direction_10m,wind_gusts_10m,precipitation,surface_pressure,boundary_layer_height,cloud_cover,shortwave_radiation,soil_moisture_0_to_7cm,et0_fao_evapotranspiration",2024-01-01,2024-12-31,Asia/Bangkok,8784,2026-09-05T02:37:14,False,success,openmeteo_weather_mae_hong_son_2024-01-01_2024-12-31.json
openmeteo_weather_mae_hong_son_2025-01-01_2025-12-31,Open-Meteo Archive (ERA5),https://archive-api.open-meteo.com/v1/archive,mae_hong_son,19.302,97.965,19.29701,97.930695,260.0,"temperature_2m,relative_humidity_2m,dew_point_2m,wind_speed_10m,wind_direction_10m,wind_gusts_10m,precipitation,surface_pressure,boundary_layer_height,cloud_cover,shortwave_radiation,soil_moisture_0_to_7cm,et0_fao_evapotranspiration",2025-01-01,2025-12-31,Asia/Bangkok,8760,2026-09-05T02:37:16,False,success,openmeteo_weather_mae_hong_son_2025-01-01_2025-12-31.json
openmeteo_weather_mae_hong_son_2026-01-01_2026-08-29,Open-Meteo Archive (ERA5),https://archive-api.open-meteo.com/v1/archive,mae_hong_son,19.302,97.965,19.29701,97.930695,260.0,"temperature_2m,relative_humidity_2m,dew_point_2m,wind_speed_10m,wind_direction_10m,wind_gusts_10m,precipitation,surface_pressure,boundary_layer_height,cloud_cover,shortwave_radiation,soil_moisture_0_to_7cm,et0_fao_evapotranspiration",2026-01-01,2026-08-29,Asia/Bangkok,5784,2026-09-05T02:37:19,False,success,openmeteo_weather_mae_hong_son_2026-01-01_2026-08-29.json
openmeteo_weather_mueang_chiang_rai_2023-01-01_2023-12-31,Open-Meteo Archive (ERA5),https://archive-api.open-meteo.com/v1/archive,mueang_chiang_rai,19.9086,99.8325,19.9297,99.8002,400.0,"temperature_2m,relative_humidity_2m,dew_point_2m,wind_speed_10m,wind_direction_10m,wind_gusts_10m,precipitation,surface_pressure,boundary_layer_height,cloud_cover,shortwave_radiation,soil_moisture_0_to_7cm,et0_fao_evapotranspiration",2023-01-01,2023-12-31,Asia/Bangkok,8760,2026-09-05T02:37:21,False,success,openmeteo_weather_mueang_chiang_rai_2023-01-01_2023-12-31.json
openmeteo_weather_mueang_chiang_rai_2024-01-01_2024-12-31,Open-Meteo Archive (ERA5),https://archive-api.open-meteo.com/v1/archive,mueang_chiang_rai,19.9086,99.8325,19.9297,99.8002,400.0,"temperature_2m,relative_humidity_2m,dew_point_2m,wind_speed_10m,wind_direction_10m,wind_gusts_10m,precipitation,surface_pressure,boundary_layer_height,cloud_cover,shortwave_radiation,soil_moisture_0_to_7cm,et0_fao_evapotranspiration",2024-01-01,2024-12-31,Asia/Bangkok,8784,2026-09-05T02:37:23,False,success,openmeteo_weather_mueang_chiang_rai_2024-01-01_2024-12-31.json
openmeteo_weather_mueang_chiang_rai_2025-01-01_2025-12-31,Open-Meteo Archive (ERA5),https://archive-api.open-meteo.com/v1/archive,mueang_chiang_rai,19.9086,99.8325,19.9297,99.8002,400.0,"temperature_2m,relative_humidity_2m,dew_point_2m,wind_speed_10m,wind_direction_10m,wind_gusts_10m,precipitation,surface_pressure,boundary_layer_height,cloud_cover,shortwave_radiation,soil_moisture_0_to_7cm,et0_fao_evapotranspiration",2025-01-01,2025-12-31,Asia/Bangkok,8760,2026-09-05T02:37:26,False,success,openmeteo_weather_mueang_chiang_rai_2025-01-01_2025-12-31.json
openmeteo_weather_mueang_chiang_rai_2026-01-01_2026-08-29,Open-Meteo Archive (ERA5),https://archive-api.open-meteo.com/v1/archive,mueang_chiang_rai,19.9086,99.8325,19.9297,99.8002,400.0,"temperature_2m,relative_humidity_2m,dew_point_2m,wind_speed_10m,wind_direction_10m,wind_gusts_10m,precipitation,surface_pressure,boundary_layer_height,cloud_cover,shortwave_radiation,soil_moisture_0_to_7cm,et0_fao_evapotranspiration",2026-01-01,2026-08-29,Asia/Bangkok,5784,2026-09-05T02:37:27,False,success,openmeteo_weather_mueang_chiang_rai_2026-01-01_2026-08-29.json
openmeteo_weather_mueang_lampang_2023-01-01_2023-12-31,Open-Meteo Archive (ERA5),https://archive-api.open-meteo.com/v1/archive,mueang_lampang,18.2855,99.513,18.312828,99.49219,244.0,"temperature_2m,relative_humidity_2m,dew_point_2m,wind_speed_10m,wind_direction_10m,wind_gusts_10m,precipitation,surface_pressure,boundary_layer_height,cloud_cover,shortwave_radiation,soil_moisture_0_to_7cm,et0_fao_evapotranspiration",2023-01-01,2023-12-31,Asia/Bangkok,8760,2026-09-05T02:37:31,False,success,openmeteo_weather_mueang_lampang_2023-01-01_2023-12-31.json
openmeteo_weather_mueang_lampang_2024-01-01_2024-12-31,Open-Meteo Archive (ERA5),https://archive-api.open-meteo.com/v1/archive,mueang_lampang,18.2855,99.513,18.312828,99.49219,244.0,"temperature_2m,relative_humidity_2m,dew_point_2m,wind_speed_10m,wind_direction_10m,wind_gusts_10m,precipitation,surface_pressure,boundary_layer_height,cloud_cover,shortwave_radiation,soil_moisture_0_to_7cm,et0_fao_evapotranspiration",2024-01-01,2024-12-31,Asia/Bangkok,8784,2026-09-05T02:37:33,False,success,openmeteo_weather_mueang_lampang_2024-01-01_2024-12-31.json
openmeteo_weather_mueang_lampang_2025-01-01_2025-12-31,Open-Meteo Archive (ERA5),https://archive-api.open-meteo.com/v1/archive,mueang_lampang,18.2855,99.513,18.312828,99.49219,244.0,"temperature_2m,relative_humidity_2m,dew_point_2m,wind_speed_10m,wind_direction_10m,wind_gusts_10m,precipitation,surface_pressure,boundary_layer_height,cloud_cover,shortwave_radiation,soil_moisture_0_to_7cm,et0_fao_evapotranspiration",2025-01-01,2025-12-31,Asia/Bangkok,8760,2026-09-05T02:37:36,False,success,openmeteo_weather_mueang_lampang_2025-01-01_2025-12-31.json
openmeteo_weather_mueang_lampang_2026-01-01_2026-08-29,Open-Meteo Archive (ERA5),https://archive-api.open-meteo.com/v1/archive,mueang_lampang,18.2855,99.513,18.312828,99.49219,244.0,"temperature_2m,relative_humidity_2m,dew_point_2m,wind_speed_10m,wind_direction_10m,wind_gusts_10m,precipitation,surface_pressure,boundary_layer_height,cloud_cover,shortwave_radiation,soil_moisture_0_to_7cm,et0_fao_evapotranspiration",2026-01-01,2026-08-29,Asia/Bangkok,5784,2026-09-05T02:37:37,False,success,openmeteo_weather_mueang_lampang_2026-01-01_2026-08-29.json
openmeteo_forecast_mueang_chiang_mai_2023-01-01_2023-12-31,Open-Meteo Historical Forecast,https://historical-forecast-api.open-meteo.com/v1/forecast,mueang_chiang_mai,18.7883,98.9853,18.80492,99.02655,313.0,"temperature_2m,relative_humidity_2m,wind_speed_10m,wind_direction_10m,precipitation,surface_pressure,boundary_layer_height",2023-01-01,2023-12-31,Asia/Bangkok,8760,2026-09-05T02:37:41,False,success,openmeteo_forecast_mueang_chiang_mai_2023-01-01_2023-12-31.json
openmeteo_forecast_mueang_chiang_mai_2024-01-01_2024-12-31,Open-Meteo Historical Forecast,https://historical-forecast-api.open-meteo.com/v1/forecast,mueang_chiang_mai,18.7883,98.9853,18.80492,99.02655,313.0,"temperature_2m,relative_humidity_2m,wind_speed_10m,wind_direction_10m,precipitation,surface_pressure,boundary_layer_height",2024-01-01,2024-12-31,Asia/Bangkok,8784,2026-09-05T02:37:44,False,success,openmeteo_forecast_mueang_chiang_mai_2024-01-01_2024-12-31.json
openmeteo_forecast_mueang_chiang_mai_2025-01-01_2025-12-31,Open-Meteo Historical Forecast,https://historical-forecast-api.open-meteo.com/v1/forecast,mueang_chiang_mai,18.7883,98.9853,18.80492,99.02655,313.0,"temperature_2m,relative_humidity_2m,wind_speed_10m,wind_direction_10m,precipitation,surface_pressure,boundary_layer_height",2025-01-01,2025-12-31,Asia/Bangkok,8760,2026-09-05T02:37:46,False,success,openmeteo_forecast_mueang_chiang_mai_2025-01-01_2025-12-31.json
openmeteo_forecast_mueang_chiang_mai_2026-01-01_2026-08-29,Open-Meteo Historical Forecast,https://historical-forecast-api.open-meteo.com/v1/forecast,mueang_chiang_mai,18.7883,98.9853,18.80492,99.02655,313.0,"temperature_2m,relative_humidity_2m,wind_speed_10m,wind_direction_10m,precipitation,surface_pressure,boundary_layer_height",2026-01-01,2026-08-29,Asia/Bangkok,5784,2026-09-05T02:37:47,False,success,openmeteo_forecast_mueang_chiang_mai_2026-01-01_2026-08-29.json
openmeteo_forecast_mae_hong_son_2023-01-01_2023-12-31,Open-Meteo Historical Forecast,https://historical-forecast-api.open-meteo.com/v1/forecast,mae_hong_son,19.302,97.965,19.29701,97.930695,260.0,"temperature_2m,relative_humidity_2m,wind_speed_10m,wind_direction_10m,precipitation,surface_pressure,boundary_layer_height",2023-01-01,2023-12-31,Asia/Bangkok,8760,2026-09-05T02:37:49,False,success,openmeteo_forecast_mae_hong_son_2023-01-01_2023-12-31.json
openmeteo_forecast_mae_hong_son_2024-01-01_2024-12-31,Open-Meteo Historical Forecast,https://historical-forecast-api.open-meteo.com/v1/forecast,mae_hong_son,19.302,97.965,19.29701,97.930695,260.0,"temperature_2m,relative_humidity_2m,wind_speed_10m,wind_direction_10m,precipitation,surface_pressure,boundary_layer_height",2024-01-01,2024-12-31,Asia/Bangkok,8784,2026-09-05T02:37:50,False,success,openmeteo_forecast_mae_hong_son_2024-01-01_2024-12-31.json
openmeteo_forecast_mae_hong_son_2025-01-01_2025-12-31,Open-Meteo Historical Forecast,https://historical-forecast-api.open-meteo.com/v1/forecast,mae_hong_son,19.302,97.965,19.29701,97.930695,260.0,"temperature_2m,relative_humidity_2m,wind_speed_10m,wind_direction_10m,precipitation,surface_pressure,boundary_layer_height",2025-01-01,2025-12-31,Asia/Bangkok,8760,2026-09-05T02:37:53,False,success,openmeteo_forecast_mae_hong_son_2025-01-01_2025-12-31.json
openmeteo_forecast_mae_hong_son_2026-01-01_2026-08-29,Open-Meteo Historical Forecast,https://historical-forecast-api.open-meteo.com/v1/forecast,mae_hong_son,19.302,97.965,19.29701,97.930695,260.0,"temperature_2m,relative_humidity_2m,wind_speed_10m,wind_direction_10m,precipitation,surface_pressure,boundary_layer_height",2026-01-01,2026-08-29,Asia/Bangkok,5784,2026-09-05T02:37:54,False,success,openmeteo_forecast_mae_hong_son_2026-01-01_2026-08-29.json
openmeteo_forecast_mueang_chiang_rai_2023-01-01_2023-12-31,Open-Meteo Historical Forecast,https://historical-forecast-api.open-meteo.com/v1/forecast,mueang_chiang_rai,19.9086,99.8325,19.9297,99.8002,400.0,"temperature_2m,relative_humidity_2m,wind_speed_10m,wind_direction_10m,precipitation,surface_pressure,boundary_layer_height",2023-01-01,2023-12-31,Asia/Bangkok,8760,2026-09-05T02:37:56,False,success,openmeteo_forecast_mueang_chiang_rai_2023-01-01_2023-12-31.json
openmeteo_forecast_mueang_chiang_rai_2024-01-01_2024-12-31,Open-Meteo Historical Forecast,https://historical-forecast-api.open-meteo.com/v1/forecast,mueang_chiang_rai,19.9086,99.8325,19.9297,99.8002,400.0,"temperature_2m,relative_humidity_2m,wind_speed_10m,wind_direction_10m,precipitation,surface_pressure,boundary_layer_height",2024-01-01,2024-12-31,Asia/Bangkok,8784,2026-09-05T02:37:57,False,success,openmeteo_forecast_mueang_chiang_rai_2024-01-01_2024-12-31.json
openmeteo_forecast_mueang_chiang_rai_2025-01-01_2025-12-31,Open-Meteo Historical Forecast,https://historical-forecast-api.open-meteo.com/v1/forecast,mueang_chiang_rai,19.9086,99.8325,19.9297,99.8002,400.0,"temperature_2m,relative_humidity_2m,wind_speed_10m,wind_direction_10m,precipitation,surface_pressure,boundary_layer_height",2025-01-01,2025-12-31,Asia/Bangkok,8760,2026-09-05T02:38:00,False,success,openmeteo_forecast_mueang_chiang_rai_2025-01-01_2025-12-31.json
openmeteo_forecast_mueang_chiang_rai_2026-01-01_2026-08-29,Open-Meteo Historical Forecast,https://historical-forecast-api.open-meteo.com/v1/forecast,mueang_chiang_rai,19.9086,99.8325,19.9297,99.8002,400.0,"temperature_2m,relative_humidity_2m,wind_speed_10m,wind_direction_10m,precipitation,surface_pressure,boundary_layer_height",2026-01-01,2026-08-29,Asia/Bangkok,5784,2026-09-05T02:38:01,False,success,openmeteo_forecast_mueang_chiang_rai_2026-01-01_2026-08-29.json
openmeteo_forecast_mueang_lampang_2023-01-01_2023-12-31,Open-Meteo Historical Forecast,https://historical-forecast-api.open-meteo.com/v1/forecast,mueang_lampang,18.2855,99.513,18.312828,99.49219,244.0,"temperature_2m,relative_humidity_2m,wind_speed_10m,wind_direction_10m,precipitation,surface_pressure,boundary_layer_height",2023-01-01,2023-12-31,Asia/Bangkok,8760,2026-09-05T02:38:03,False,success,openmeteo_forecast_mueang_lampang_2023-01-01_2023-12-31.json
openmeteo_forecast_mueang_lampang_2024-01-01_2024-12-31,Open-Meteo Historical Forecast,https://historical-forecast-api.open-meteo.com/v1/forecast,mueang_lampang,18.2855,99.513,18.312828,99.49219,244.0,"temperature_2m,relative_humidity_2m,wind_speed_10m,wind_direction_10m,precipitation,surface_pressure,boundary_layer_height",2024-01-01,2024-12-31,Asia/Bangkok,8784,2026-09-05T02:38:04,False,success,openmeteo_forecast_mueang_lampang_2024-01-01_2024-12-31.json
openmeteo_forecast_mueang_lampang_2025-01-01_2025-12-31,Open-Meteo Historical Forecast,https://historical-forecast-api.open-meteo.com/v1/forecast,mueang_lampang,18.2855,99.513,18.312828,99.49219,244.0,"temperature_2m,relative_humidity_2m,wind_speed_10m,wind_direction_10m,precipitation,surface_pressure,boundary_layer_height",2025-01-01,2025-12-31,Asia/Bangkok,8760,2026-09-05T02:38:07,False,success,openmeteo_forecast_mueang_lampang_2025-01-01_2025-12-31.json
openmeteo_forecast_mueang_lampang_2026-01-01_2026-08-29,Open-Meteo Historical Forecast,https://historical-forecast-api.open-meteo.com/v1/forecast,mueang_lampang,18.2855,99.513,18.312828,99.49219,244.0,"temperature_2m,relative_humidity_2m,wind_speed_10m,wind_direction_10m,precipitation,surface_pressure,boundary_layer_height",2026-01-01,2026-08-29,Asia/Bangkok,5784,2026-09-05T02:38:08,False,success,openmeteo_forecast_mueang_lampang_2026-01-01_2026-08-29.json
air4thai_current,Air4Thai (PCD ground stations),http://air4thai.pcd.go.th/services/getNewAQI_JSON.php,all_thailand_stations,,,,,,"all stations, current reading only",,,Asia/Bangkok,173,2026-09-05T02:38:09,False,success,air4thai_current.json
firms,NASA FIRMS,https://firms.modaps.eosdis.nasa.gov/api/area/csv,northern_thailand_bbox,,,,,,VIIRS_SNPP_SP,2023-01-01,2026-08-29,UTC,0,2026-09-05T02:38:09,False,skipped: no MAP_KEY,
